Sequence,CH1,CH2,Bfield,CH2norm,time
0,0.92,0.056,5.520000000000001e-05,0.8750000000000001,0.0
1,0.96,0.058,5.76e-05,0.9000000000000001,0.005
2,0.94,0.056,5.6399999999999995e-05,0.8750000000000001,0.01
3,0.94,0.058,5.6399999999999995e-05,0.9000000000000001,0.015
4,0.94,0.058,5.6399999999999995e-05,0.9000000000000001,0.02
5,0.96,0.056,5.76e-05,0.8750000000000001,0.025
6,0.96,0.056,5.76e-05,0.8750000000000001,0.03
7,0.92,0.058,5.520000000000001e-05,0.9000000000000001,0.035
8,0.96,0.056,5.76e-05,0.8750000000000001,0.04
9,0.92,0.058,5.520000000000001e-05,0.9000000000000001,0.045
10,0.94,0.058,5.6399999999999995e-05,0.9000000000000001,0.05
11,0.98,0.056,5.88e-05,0.8750000000000001,0.055
12,0.94,0.056,5.6399999999999995e-05,0.8750000000000001,0.06
13,0.98,0.058,5.88e-05,0.9000000000000001,0.065
14,0.94,0.056,5.6399999999999995e-05,0.8750000000000001,0.07
15,0.98,0.058,5.88e-05,0.9000000000000001,0.075
16,0.94,0.056,5.6399999999999995e-05,0.8750000000000001,0.08
17,0.96,0.058,5.76e-05,0.9000000000000001,0.085
18,0.96,0.056,5.76e-05,0.8750000000000001,0.09
19,0.98,0.058,5.88e-05,0.9000000000000001,0.095
20,0.98,0.058,5.88e-05,0.9000000000000001,0.1
21,0.94,0.056,5.6399999999999995e-05,0.8750000000000001,0.105
22,0.98,0.056,5.88e-05,0.8750000000000001,0.11
23,0.94,0.058,5.6399999999999995e-05,0.9000000000000001,0.115
24,0.98,0.056,5.88e-05,0.8750000000000001,0.12
25,0.96,0.058,5.76e-05,0.9000000000000001,0.125
26,0.94,0.056,5.6399999999999995e-05,0.8750000000000001,0.13
27,0.98,0.058,5.88e-05,0.9000000000000001,0.135
28,0.96,0.056,5.76e-05,0.8750000000000001,0.14
29,1.0,0.058,6e-05,0.9000000000000001,0.145
30,0.96,0.056,5.76e-05,0.8750000000000001,0.15
31,0.98,0.058,5.88e-05,0.9000000000000001,0.155
32,0.96,0.058,5.76e-05,0.9000000000000001,0.16
33,0.98,0.056,5.88e-05,0.8750000000000001,0.165
34,0.96,0.056,5.76e-05,0.8750000000000001,0.17
35,0.98,0.056,5.88e-05,0.8750000000000001,0.17500000000000002
36,0.94,0.056,5.6399999999999995e-05,0.8750000000000001,0.18
37,0.98,0.056,5.88e-05,0.8750000000000001,0.185
38,0.96,0.056,5.76e-05,0.8750000000000001,0.19
39,1.0,0.056,6e-05,0.8750000000000001,0.195
40,0.96,0.058,5.76e-05,0.9000000000000001,0.2
41,1.0,0.056,6e-05,0.8750000000000001,0.20500000000000002
42,0.96,0.056,5.76e-05,0.8750000000000001,0.21
43,0.98,0.058,5.88e-05,0.9000000000000001,0.215
44,1.0,0.056,6e-05,0.8750000000000001,0.22
45,0.96,0.058,5.76e-05,0.9000000000000001,0.225
46,0.0,0.058,0.0,0.9000000000000001,0.23
47,-0.02,0.066,-1.2000000000000002e-06,1.0,0.23500000000000001
48,0.0,0.066,0.0,1.0,0.24
49,-0.02,0.064,-1.2000000000000002e-06,0.975,0.245
50,-0.02,0.066,-1.2000000000000002e-06,1.0,0.25
51,0.0,0.064,0.0,0.975,0.255
52,0.0,0.064,0.0,0.975,0.26
53,-0.02,0.066,-1.2000000000000002e-06,1.0,0.265
54,0.0,0.064,0.0,0.975,0.27
55,-0.02,0.066,-1.2000000000000002e-06,1.0,0.275
56,-0.02,0.066,-1.2000000000000002e-06,1.0,0.28
57,0.02,0.064,1.2000000000000002e-06,0.975,0.28500000000000003
58,-0.02,0.066,-1.2000000000000002e-06,1.0,0.29
59,0.02,0.064,1.2000000000000002e-06,0.975,0.295
60,0.02,0.064,1.2000000000000002e-06,0.975,0.3
61,-0.02,0.066,-1.2000000000000002e-06,1.0,0.305
62,-0.02,0.066,-1.2000000000000002e-06,1.0,0.31
63,0.02,0.064,1.2000000000000002e-06,0.975,0.315
64,0.02,0.064,1.2000000000000002e-06,0.975,0.32
65,-0.02,0.066,-1.2000000000000002e-06,1.0,0.325
66,0.02,0.066,1.2000000000000002e-06,1.0,0.33
67,-0.02,0.064,-1.2000000000000002e-06,0.975,0.335
68,0.02,0.066,1.2000000000000002e-06,1.0,0.34
69,-0.02,0.066,-1.2000000000000002e-06,1.0,0.34500000000000003
70,-0.02,0.066,-1.2000000000000002e-06,1.0,0.35000000000000003
71,0.02,0.064,1.2000000000000002e-06,0.975,0.355
72,0.02,0.066,1.2000000000000002e-06,1.0,0.36
73,0.0,0.064,0.0,0.975,0.365
74,0.02,0.066,1.2000000000000002e-06,1.0,0.37
75,0.0,0.064,0.0,0.975,0.375
76,0.02,0.066,1.2000000000000002e-06,1.0,0.38
77,0.0,0.064,0.0,0.975,0.385
78,0.04,0.064,2.4000000000000003e-06,0.975,0.39
79,0.0,0.066,0.0,1.0,0.395
80,0.02,0.064,1.2000000000000002e-06,0.975,0.4
81,0.02,0.066,1.2000000000000002e-06,1.0,0.405
82,0.04,0.064,2.4000000000000003e-06,0.975,0.41000000000000003
83,0.0,0.066,0.0,1.0,0.41500000000000004
84,0.04,0.064,2.4000000000000003e-06,0.975,0.42
85,0.0,0.066,0.0,1.0,0.425
86,0.04,0.066,2.4000000000000003e-06,1.0,0.43
87,0.0,0.064,0.0,0.975,0.435
88,0.02,0.066,1.2000000000000002e-06,1.0,0.44
89,0.04,0.064,2.4000000000000003e-06,0.975,0.445
90,0.04,0.064,2.4000000000000003e-06,0.975,0.45
91,0.02,0.066,1.2000000000000002e-06,1.0,0.455
92,0.04,0.064,2.4000000000000003e-06,0.975,0.46
93,0.04,0.066,2.4000000000000003e-06,1.0,0.465
94,0.0,0.066,0.0,1.0,0.47000000000000003
95,0.04,0.064,2.4000000000000003e-06,0.975,0.47500000000000003
96,0.02,0.064,1.2000000000000002e-06,0.975,0.48
97,0.04,0.066,2.4000000000000003e-06,1.0,0.485
98,0.04,0.066,2.4000000000000003e-06,1.0,0.49
99,0.02,0.064,1.2000000000000002e-06,0.975,0.495
100,0.04,0.066,2.4000000000000003e-06,1.0,0.5
101,0.04,0.064,2.4000000000000003e-06,0.975,0.505
102,0.02,0.064,1.2000000000000002e-06,0.975,0.51
103,0.04,0.066,2.4000000000000003e-06,1.0,0.515
104,0.04,0.064,2.4000000000000003e-06,0.975,0.52
105,0.06,0.066,3.6e-06,1.0,0.525
106,0.04,0.066,2.4000000000000003e-06,1.0,0.53
107,0.06,0.064,3.6e-06,0.975,0.535
108,0.06,0.066,3.6e-06,1.0,0.54
109,0.04,0.064,2.4000000000000003e-06,0.975,0.545
110,0.06,0.064,3.6e-06,0.975,0.55
111,0.02,0.066,1.2000000000000002e-06,1.0,0.555
112,0.04,0.066,2.4000000000000003e-06,1.0,0.56
113,0.08,0.064,4.800000000000001e-06,0.975,0.5650000000000001
114,0.06,0.064,3.6e-06,0.975,0.5700000000000001
115,0.04,0.066,2.4000000000000003e-06,1.0,0.5750000000000001
116,0.04,0.064,2.4000000000000003e-06,0.975,0.58
117,0.06,0.066,3.6e-06,1.0,0.585
118,0.04,0.066,2.4000000000000003e-06,1.0,0.59
119,0.06,0.064,3.6e-06,0.975,0.595
120,0.04,0.064,2.4000000000000003e-06,0.975,0.6
121,0.06,0.066,3.6e-06,1.0,0.605
122,0.06,0.066,3.6e-06,1.0,0.61
123,0.04,0.064,2.4000000000000003e-06,0.975,0.615
124,0.06,0.064,3.6e-06,0.975,0.62
125,0.1,0.066,6e-06,1.0,0.625
126,0.06,0.066,3.6e-06,1.0,0.63
127,0.06,0.064,3.6e-06,0.975,0.635
128,0.06,0.064,3.6e-06,0.975,0.64
129,0.08,0.066,4.800000000000001e-06,1.0,0.645
130,0.06,0.064,3.6e-06,0.975,0.65
131,0.08,0.066,4.800000000000001e-06,1.0,0.655
132,0.06,0.066,3.6e-06,1.0,0.66
133,0.1,0.064,6e-06,0.975,0.665
134,0.08,0.066,4.800000000000001e-06,1.0,0.67
135,0.06,0.064,3.6e-06,0.975,0.675
136,0.06,0.066,3.6e-06,1.0,0.68
137,0.08,0.064,4.800000000000001e-06,0.975,0.685
138,0.06,0.064,3.6e-06,0.975,0.6900000000000001
139,0.08,0.066,4.800000000000001e-06,1.0,0.6950000000000001
140,0.06,0.064,3.6e-06,0.975,0.7000000000000001
141,0.08,0.066,4.800000000000001e-06,1.0,0.705
142,0.1,0.064,6e-06,0.975,0.71
143,0.06,0.066,3.6e-06,1.0,0.715
144,0.1,0.064,6e-06,0.975,0.72
145,0.08,0.066,4.800000000000001e-06,1.0,0.725
146,0.06,0.064,3.6e-06,0.975,0.73
147,0.1,0.066,6e-06,1.0,0.735
148,0.1,0.066,6e-06,1.0,0.74
149,0.08,0.064,4.800000000000001e-06,0.975,0.745
150,0.1,0.064,6e-06,0.975,0.75
151,0.08,0.066,4.800000000000001e-06,1.0,0.755
152,0.08,0.064,4.800000000000001e-06,0.975,0.76
153,0.1,0.066,6e-06,1.0,0.765
154,0.08,0.064,4.800000000000001e-06,0.975,0.77
155,0.1,0.066,6e-06,1.0,0.775
156,0.08,0.066,4.800000000000001e-06,1.0,0.78
157,0.1,0.064,6e-06,0.975,0.785
158,0.08,0.066,4.800000000000001e-06,1.0,0.79
159,0.12,0.064,7.2e-06,0.975,0.795
160,0.08,0.064,4.800000000000001e-06,0.975,0.8
161,0.12,0.066,7.2e-06,1.0,0.805
162,0.08,0.066,4.800000000000001e-06,1.0,0.81
163,0.12,0.064,7.2e-06,0.975,0.8150000000000001
164,0.12,0.064,7.2e-06,0.975,0.8200000000000001
165,0.08,0.066,4.800000000000001e-06,1.0,0.8250000000000001
166,0.12,0.066,7.2e-06,1.0,0.8300000000000001
167,0.08,0.062,4.800000000000001e-06,0.95,0.835
168,0.1,0.064,6e-06,0.975,0.84
169,0.08,0.066,4.800000000000001e-06,1.0,0.845
170,0.08,0.066,4.800000000000001e-06,1.0,0.85
171,0.12,0.064,7.2e-06,0.975,0.855
172,0.1,0.066,6e-06,1.0,0.86
173,0.12,0.064,7.2e-06,0.975,0.865
174,0.08,0.066,4.800000000000001e-06,1.0,0.87
175,0.12,0.064,7.2e-06,0.975,0.875
176,0.12,0.064,7.2e-06,0.975,0.88
177,0.1,0.066,6e-06,1.0,0.885
178,0.1,0.066,6e-06,1.0,0.89
179,0.14,0.064,8.400000000000001e-06,0.975,0.895
180,0.1,0.066,6e-06,1.0,0.9
181,0.14,0.064,8.400000000000001e-06,0.975,0.905
182,0.12,0.066,7.2e-06,1.0,0.91
183,0.1,0.064,6e-06,0.975,0.915
184,0.12,0.064,7.2e-06,0.975,0.92
185,0.1,0.066,6e-06,1.0,0.925
186,0.1,0.066,6e-06,1.0,0.93
187,0.14,0.062,8.400000000000001e-06,0.95,0.935
188,0.1,0.066,6e-06,1.0,0.9400000000000001
189,0.14,0.062,8.400000000000001e-06,0.95,0.9450000000000001
190,0.1,0.066,6e-06,1.0,0.9500000000000001
191,0.14,0.062,8.400000000000001e-06,0.95,0.9550000000000001
192,0.14,0.066,8.400000000000001e-06,1.0,0.96
193,0.1,0.062,6e-06,0.95,0.965
194,0.12,0.066,7.2e-06,1.0,0.97
195,0.14,0.062,8.400000000000001e-06,0.95,0.975
196,0.12,0.066,7.2e-06,1.0,0.98
197,0.14,0.064,8.400000000000001e-06,0.975,0.985
198,0.12,0.062,7.2e-06,0.95,0.99
199,0.14,0.066,8.400000000000001e-06,1.0,0.995
200,0.12,0.064,7.2e-06,0.975,1.0
201,0.16,0.066,9.600000000000001e-06,1.0,1.0050000000000001
202,0.12,0.064,7.2e-06,0.975,1.01
203,0.14,0.066,8.400000000000001e-06,1.0,1.0150000000000001
204,0.12,0.064,7.2e-06,0.975,1.02
205,0.14,0.066,8.400000000000001e-06,1.0,1.025
206,0.12,0.066,7.2e-06,1.0,1.03
207,0.16,0.064,9.600000000000001e-06,0.975,1.035
208,0.14,0.066,8.400000000000001e-06,1.0,1.04
209,0.16,0.064,9.600000000000001e-06,0.975,1.045
210,0.16,0.062,9.600000000000001e-06,0.95,1.05
211,0.12,0.066,7.2e-06,1.0,1.055
212,0.16,0.066,9.600000000000001e-06,1.0,1.06
213,0.12,0.062,7.2e-06,0.95,1.065
214,0.16,0.062,9.600000000000001e-06,0.95,1.07
215,0.12,0.066,7.2e-06,1.0,1.075
216,0.16,0.066,9.600000000000001e-06,1.0,1.08
217,0.12,0.062,7.2e-06,0.95,1.085
218,0.16,0.064,9.600000000000001e-06,0.975,1.09
219,0.14,0.066,8.400000000000001e-06,1.0,1.095
220,0.16,0.066,9.600000000000001e-06,1.0,1.1
221,0.12,0.062,7.2e-06,0.95,1.105
222,0.12,0.062,7.2e-06,0.95,1.11
223,0.18,0.066,1.08e-05,1.0,1.115
224,0.16,0.066,9.600000000000001e-06,1.0,1.12
225,0.12,0.062,7.2e-06,0.95,1.125
226,0.14,0.066,8.400000000000001e-06,1.0,1.1300000000000001
227,0.18,0.062,1.08e-05,0.95,1.135
228,0.14,0.066,8.400000000000001e-06,1.0,1.1400000000000001
229,0.18,0.062,1.08e-05,0.95,1.145
230,0.14,0.066,8.400000000000001e-06,1.0,1.1500000000000001
231,0.18,0.062,1.08e-05,0.95,1.155
232,0.14,0.066,8.400000000000001e-06,1.0,1.16
233,0.18,0.062,1.08e-05,0.95,1.165
234,0.16,0.062,9.600000000000001e-06,0.95,1.17
235,0.18,0.066,1.08e-05,1.0,1.175
236,0.18,0.066,1.08e-05,1.0,1.18
237,0.14,0.062,8.400000000000001e-06,0.95,1.185
238,0.14,0.066,8.400000000000001e-06,1.0,1.19
239,0.16,0.062,9.600000000000001e-06,0.95,1.195
240,0.18,0.062,1.08e-05,0.95,1.2
241,0.14,0.066,8.400000000000001e-06,1.0,1.205
242,0.14,0.062,8.400000000000001e-06,0.95,1.21
243,0.18,0.066,1.08e-05,1.0,1.215
244,0.16,0.062,9.600000000000001e-06,0.95,1.22
245,0.18,0.066,1.08e-05,1.0,1.225
246,0.18,0.066,1.08e-05,1.0,1.23
247,0.14,0.062,8.400000000000001e-06,0.95,1.235
248,0.18,0.062,1.08e-05,0.95,1.24
249,0.16,0.062,9.600000000000001e-06,0.95,1.245
250,0.18,0.066,1.08e-05,1.0,1.25
251,0.16,0.062,9.600000000000001e-06,0.95,1.2550000000000001
252,0.2,0.062,1.2e-05,0.95,1.26
253,0.18,0.066,1.08e-05,1.0,1.2650000000000001
254,0.18,0.064,1.08e-05,0.975,1.27
255,0.16,0.062,9.600000000000001e-06,0.95,1.2750000000000001
256,0.18,0.062,1.08e-05,0.95,1.28
257,0.16,0.064,9.600000000000001e-06,0.975,1.285
258,0.16,0.062,9.600000000000001e-06,0.95,1.29
259,0.2,0.062,1.2e-05,0.95,1.295
260,0.16,0.062,9.600000000000001e-06,0.95,1.3
261,0.2,0.062,1.2e-05,0.95,1.305
262,0.18,0.062,1.08e-05,0.95,1.31
263,0.2,0.066,1.2e-05,1.0,1.315
264,0.2,0.064,1.2e-05,0.975,1.32
265,0.18,0.062,1.08e-05,0.95,1.325
266,0.2,0.062,1.2e-05,0.95,1.33
267,0.2,0.066,1.2e-05,1.0,1.335
268,0.2,0.062,1.2e-05,0.95,1.34
269,0.2,0.064,1.2e-05,0.975,1.345
270,0.2,0.062,1.2e-05,0.95,1.35
271,0.18,0.062,1.08e-05,0.95,1.355
272,0.2,0.062,1.2e-05,0.95,1.36
273,0.18,0.064,1.08e-05,0.975,1.365
274,0.2,0.062,1.2e-05,0.95,1.37
275,0.2,0.064,1.2e-05,0.975,1.375
276,0.2,0.062,1.2e-05,0.95,1.3800000000000001
277,0.2,0.064,1.2e-05,0.975,1.385
278,0.22,0.062,1.32e-05,0.95,1.3900000000000001
279,0.18,0.064,1.08e-05,0.975,1.395
280,0.22,0.064,1.32e-05,0.975,1.4000000000000001
281,0.2,0.062,1.2e-05,0.95,1.405
282,0.2,0.062,1.2e-05,0.95,1.41
283,0.24,0.064,1.44e-05,0.975,1.415
284,0.2,0.062,1.2e-05,0.95,1.42
285,0.22,0.062,1.32e-05,0.95,1.425
286,0.2,0.064,1.2e-05,0.975,1.43
287,0.24,0.062,1.44e-05,0.95,1.435
288,0.2,0.062,1.2e-05,0.95,1.44
289,0.22,0.064,1.32e-05,0.975,1.445
290,0.22,0.062,1.32e-05,0.95,1.45
291,0.18,0.062,1.08e-05,0.95,1.455
292,0.24,0.062,1.44e-05,0.95,1.46
293,0.2,0.064,1.2e-05,0.975,1.465
294,0.22,0.062,1.32e-05,0.95,1.47
295,0.2,0.064,1.2e-05,0.975,1.475
296,0.22,0.062,1.32e-05,0.95,1.48
297,0.24,0.064,1.44e-05,0.975,1.485
298,0.22,0.062,1.32e-05,0.95,1.49
299,0.24,0.064,1.44e-05,0.975,1.495
300,0.22,0.062,1.32e-05,0.95,1.5
301,0.22,0.062,1.32e-05,0.95,1.5050000000000001
302,0.22,0.062,1.32e-05,0.95,1.51
303,0.24,0.064,1.44e-05,0.975,1.5150000000000001
304,0.22,0.062,1.32e-05,0.95,1.52
305,0.22,0.062,1.32e-05,0.95,1.5250000000000001
306,0.22,0.062,1.32e-05,0.95,1.53
307,0.24,0.064,1.44e-05,0.975,1.5350000000000001
308,0.22,0.064,1.32e-05,0.975,1.54
309,0.24,0.062,1.44e-05,0.95,1.545
310,0.22,0.062,1.32e-05,0.95,1.55
311,0.26,0.064,1.56e-05,0.975,1.555
312,0.26,0.066,1.56e-05,1.0,1.56
313,0.22,0.062,1.32e-05,0.95,1.565
314,0.22,0.064,1.32e-05,0.975,1.57
315,0.26,0.062,1.56e-05,0.95,1.575
316,0.26,0.062,1.56e-05,0.95,1.58
317,0.22,0.064,1.32e-05,0.975,1.585
318,0.24,0.062,1.44e-05,0.95,1.59
319,0.22,0.062,1.32e-05,0.95,1.595
320,0.22,0.062,1.32e-05,0.95,1.6
321,0.26,0.064,1.56e-05,0.975,1.605
322,0.24,0.062,1.44e-05,0.95,1.61
323,0.26,0.064,1.56e-05,0.975,1.615
324,0.24,0.062,1.44e-05,0.95,1.62
325,0.26,0.064,1.56e-05,0.975,1.625
326,0.26,0.062,1.56e-05,0.95,1.6300000000000001
327,0.22,0.064,1.32e-05,0.975,1.635
328,0.24,0.062,1.44e-05,0.95,1.6400000000000001
329,0.26,0.062,1.56e-05,0.95,1.645
330,0.24,0.062,1.44e-05,0.95,1.6500000000000001
331,0.26,0.064,1.56e-05,0.975,1.655
332,0.24,0.062,1.44e-05,0.95,1.6600000000000001
333,0.28,0.064,1.6800000000000002e-05,0.975,1.665
334,0.24,0.064,1.44e-05,0.975,1.67
335,0.28,0.062,1.6800000000000002e-05,0.95,1.675
336,0.28,0.062,1.6800000000000002e-05,0.95,1.68
337,0.24,0.064,1.44e-05,0.975,1.685
338,0.24,0.062,1.44e-05,0.95,1.69
339,0.28,0.064,1.6800000000000002e-05,0.975,1.695
340,0.24,0.062,1.44e-05,0.95,1.7
341,0.26,0.062,1.56e-05,0.95,1.705
342,0.24,0.062,1.44e-05,0.95,1.71
343,0.26,0.062,1.56e-05,0.95,1.715
344,0.28,0.062,1.6800000000000002e-05,0.95,1.72
345,0.24,0.062,1.44e-05,0.95,1.725
346,0.26,0.062,1.56e-05,0.95,1.73
347,0.28,0.064,1.6800000000000002e-05,0.975,1.735
348,0.26,0.062,1.56e-05,0.95,1.74
349,0.28,0.064,1.6800000000000002e-05,0.975,1.745
350,0.26,0.062,1.56e-05,0.95,1.75
351,0.28,0.062,1.6800000000000002e-05,0.95,1.7550000000000001
352,0.28,0.062,1.6800000000000002e-05,0.95,1.76
353,0.26,0.064,1.56e-05,0.975,1.7650000000000001
354,0.26,0.064,1.56e-05,0.975,1.77
355,0.28,0.062,1.6800000000000002e-05,0.95,1.7750000000000001
356,0.28,0.062,1.6800000000000002e-05,0.95,1.78
357,0.26,0.062,1.56e-05,0.95,1.7850000000000001
358,0.26,0.062,1.56e-05,0.95,1.79
359,0.28,0.064,1.6800000000000002e-05,0.975,1.795
360,0.26,0.064,1.56e-05,0.975,1.8
361,0.3,0.062,1.8e-05,0.95,1.805
362,0.3,0.062,1.8e-05,0.95,1.81
363,0.26,0.064,1.56e-05,0.975,1.815
364,0.3,0.062,1.8e-05,0.95,1.82
365,0.26,0.064,1.56e-05,0.975,1.825
366,0.3,0.062,1.8e-05,0.95,1.83
367,0.26,0.064,1.56e-05,0.975,1.835
368,0.3,0.064,1.8e-05,0.975,1.84
369,0.28,0.062,1.6800000000000002e-05,0.95,1.845
370,0.3,0.062,1.8e-05,0.95,1.85
371,0.28,0.064,1.6800000000000002e-05,0.975,1.855
372,0.28,0.062,1.6800000000000002e-05,0.95,1.86
373,0.3,0.062,1.8e-05,0.95,1.865
374,0.28,0.062,1.6800000000000002e-05,0.95,1.87
375,0.3,0.064,1.8e-05,0.975,1.875
376,0.28,0.062,1.6800000000000002e-05,0.95,1.8800000000000001
377,0.3,0.064,1.8e-05,0.975,1.885
378,0.3,0.062,1.8e-05,0.95,1.8900000000000001
379,0.28,0.064,1.6800000000000002e-05,0.975,1.895
380,0.28,0.062,1.6800000000000002e-05,0.95,1.9000000000000001
381,0.32,0.062,1.9200000000000003e-05,0.95,1.905
382,0.3,0.062,1.8e-05,0.95,1.9100000000000001
383,0.32,0.062,1.9200000000000003e-05,0.95,1.915
384,0.28,0.062,1.6800000000000002e-05,0.95,1.92
385,0.32,0.062,1.9200000000000003e-05,0.95,1.925
386,0.28,0.062,1.6800000000000002e-05,0.95,1.93
387,0.32,0.064,1.9200000000000003e-05,0.975,1.935
388,0.32,0.062,1.9200000000000003e-05,0.95,1.94
389,0.3,0.064,1.8e-05,0.975,1.945
390,0.32,0.062,1.9200000000000003e-05,0.95,1.95
391,0.3,0.064,1.8e-05,0.975,1.955
392,0.3,0.062,1.8e-05,0.95,1.96
393,0.32,0.062,1.9200000000000003e-05,0.95,1.965
394,0.32,0.062,1.9200000000000003e-05,0.95,1.97
395,0.3,0.064,1.8e-05,0.975,1.975
396,0.32,0.062,1.9200000000000003e-05,0.95,1.98
397,0.3,0.064,1.8e-05,0.975,1.985
398,0.3,0.062,1.8e-05,0.95,1.99
399,0.32,0.064,1.9200000000000003e-05,0.975,1.995
400,0.34,0.062,2.04e-05,0.95,2.0
401,0.3,0.064,1.8e-05,0.975,2.005
402,0.3,0.062,1.8e-05,0.95,2.0100000000000002
403,0.34,0.062,2.04e-05,0.95,2.015
404,0.3,0.062,1.8e-05,0.95,2.02
405,0.34,0.064,2.04e-05,0.975,2.025
406,0.3,0.062,1.8e-05,0.95,2.0300000000000002
407,0.34,0.062,2.04e-05,0.95,2.035
408,0.3,0.062,1.8e-05,0.95,2.04
409,0.34,0.064,2.04e-05,0.975,2.045
410,0.3,0.062,1.8e-05,0.95,2.05
411,0.34,0.064,2.04e-05,0.975,2.055
412,0.3,0.062,1.8e-05,0.95,2.06
413,0.34,0.064,2.04e-05,0.975,2.065
414,0.34,0.062,2.04e-05,0.95,2.07
415,0.32,0.064,1.9200000000000003e-05,0.975,2.075
416,0.32,0.062,1.9200000000000003e-05,0.95,2.08
417,0.34,0.064,2.04e-05,0.975,2.085
418,0.34,0.062,2.04e-05,0.95,2.09
419,0.32,0.064,1.9200000000000003e-05,0.975,2.095
420,0.34,0.062,2.04e-05,0.95,2.1
421,0.34,0.062,2.04e-05,0.95,2.105
422,0.34,0.062,2.04e-05,0.95,2.11
423,0.34,0.064,2.04e-05,0.975,2.115
424,0.34,0.062,2.04e-05,0.95,2.12
425,0.3,0.064,1.8e-05,0.975,2.125
426,0.32,0.062,1.9200000000000003e-05,0.95,2.13
427,0.36,0.064,2.16e-05,0.975,2.1350000000000002
428,0.34,0.062,2.04e-05,0.95,2.14
429,0.32,0.064,1.9200000000000003e-05,0.975,2.145
430,0.32,0.062,1.9200000000000003e-05,0.95,2.15
431,0.36,0.064,2.16e-05,0.975,2.1550000000000002
432,0.36,0.062,2.16e-05,0.95,2.16
433,0.34,0.064,2.04e-05,0.975,2.165
434,0.34,0.064,2.04e-05,0.975,2.17
435,0.36,0.062,2.16e-05,0.95,2.1750000000000003
436,0.38,0.064,2.2800000000000002e-05,0.975,2.18
437,0.34,0.062,2.04e-05,0.95,2.185
438,0.34,0.062,2.04e-05,0.95,2.19
439,0.36,0.064,2.16e-05,0.975,2.195
440,0.34,0.062,2.04e-05,0.95,2.2
441,0.36,0.064,2.16e-05,0.975,2.205
442,0.36,0.062,2.16e-05,0.95,2.21
443,0.32,0.062,1.9200000000000003e-05,0.95,2.215
444,0.36,0.062,2.16e-05,0.95,2.22
445,0.32,0.062,1.9200000000000003e-05,0.95,2.225
446,0.36,0.062,2.16e-05,0.95,2.23
447,0.34,0.062,2.04e-05,0.95,2.235
448,0.36,0.062,2.16e-05,0.95,2.24
449,0.36,0.064,2.16e-05,0.975,2.245
450,0.36,0.064,2.16e-05,0.975,2.25
451,0.38,0.062,2.2800000000000002e-05,0.95,2.255
452,0.36,0.062,2.16e-05,0.95,2.2600000000000002
453,0.36,0.062,2.16e-05,0.95,2.265
454,0.36,0.062,2.16e-05,0.95,2.27
455,0.4,0.062,2.4e-05,0.95,2.275
456,0.36,0.064,2.16e-05,0.975,2.2800000000000002
457,0.38,0.062,2.2800000000000002e-05,0.95,2.285
458,0.36,0.062,2.16e-05,0.95,2.29
459,0.38,0.062,2.2800000000000002e-05,0.95,2.295
460,0.36,0.062,2.16e-05,0.95,2.3000000000000003
461,0.4,0.064,2.4e-05,0.975,2.305
462,0.4,0.064,2.4e-05,0.975,2.31
463,0.36,0.062,2.16e-05,0.95,2.315
464,0.38,0.062,2.2800000000000002e-05,0.95,2.32
465,0.36,0.062,2.16e-05,0.95,2.325
466,0.4,0.064,2.4e-05,0.975,2.33
467,0.36,0.062,2.16e-05,0.95,2.335
468,0.4,0.062,2.4e-05,0.95,2.34
469,0.36,0.064,2.16e-05,0.975,2.345
470,0.38,0.062,2.2800000000000002e-05,0.95,2.35
471,0.42,0.062,2.52e-05,0.95,2.355
472,0.38,0.062,2.2800000000000002e-05,0.95,2.36
473,0.4,0.064,2.4e-05,0.975,2.365
474,0.36,0.062,2.16e-05,0.95,2.37
475,0.38,0.062,2.2800000000000002e-05,0.95,2.375
476,0.38,0.062,2.2800000000000002e-05,0.95,2.38
477,0.4,0.064,2.4e-05,0.975,2.3850000000000002
478,0.4,0.062,2.4e-05,0.95,2.39
479,0.38,0.064,2.2800000000000002e-05,0.975,2.395
480,0.38,0.062,2.2800000000000002e-05,0.95,2.4
481,0.42,0.064,2.52e-05,0.975,2.4050000000000002
482,0.38,0.062,2.2800000000000002e-05,0.95,2.41
483,0.4,0.062,2.4e-05,0.95,2.415
484,0.38,0.062,2.2800000000000002e-05,0.95,2.42
485,0.42,0.062,2.52e-05,0.95,2.4250000000000003
486,0.38,0.062,2.2800000000000002e-05,0.95,2.43
487,0.42,0.062,2.52e-05,0.95,2.435
488,0.38,0.062,2.2800000000000002e-05,0.95,2.44
489,0.42,0.064,2.52e-05,0.975,2.445
490,0.38,0.062,2.2800000000000002e-05,0.95,2.45
491,0.42,0.064,2.52e-05,0.975,2.455
492,0.38,0.062,2.2800000000000002e-05,0.95,2.46
493,0.42,0.064,2.52e-05,0.975,2.465
494,0.42,0.062,2.52e-05,0.95,2.47
495,0.38,0.062,2.2800000000000002e-05,0.95,2.475
496,0.4,0.062,2.4e-05,0.95,2.48
497,0.42,0.064,2.52e-05,0.975,2.485
498,0.42,0.062,2.52e-05,0.95,2.49
499,0.38,0.064,2.2800000000000002e-05,0.975,2.495
500,0.4,0.064,2.4e-05,0.975,2.5
501,0.42,0.062,2.52e-05,0.95,2.505
502,0.42,0.062,2.52e-05,0.95,2.5100000000000002
503,0.4,0.064,2.4e-05,0.975,2.515
504,0.44,0.062,2.64e-05,0.95,2.52
505,0.4,0.062,2.4e-05,0.95,2.525
506,0.4,0.062,2.4e-05,0.95,2.5300000000000002
507,0.42,0.064,2.52e-05,0.975,2.535
508,0.4,0.062,2.4e-05,0.95,2.54
509,0.44,0.062,2.64e-05,0.95,2.545
510,0.4,0.062,2.4e-05,0.95,2.5500000000000003
511,0.44,0.064,2.64e-05,0.975,2.555
512,0.44,0.062,2.64e-05,0.95,2.56
513,0.4,0.064,2.4e-05,0.975,2.565
514,0.4,0.062,2.4e-05,0.95,2.57
515,0.44,0.064,2.64e-05,0.975,2.575
516,0.4,0.062,2.4e-05,0.95,2.58
517,0.44,0.064,2.64e-05,0.975,2.585
518,0.44,0.062,2.64e-05,0.95,2.59
519,0.4,0.064,2.4e-05,0.975,2.595
520,0.44,0.064,2.64e-05,0.975,2.6
521,0.4,0.062,2.4e-05,0.95,2.605
522,0.44,0.062,2.64e-05,0.95,2.61
523,0.4,0.062,2.4e-05,0.95,2.615
524,0.44,0.062,2.64e-05,0.95,2.62
525,0.42,0.064,2.52e-05,0.975,2.625
526,0.44,0.062,2.64e-05,0.95,2.63
527,0.4,0.064,2.4e-05,0.975,2.6350000000000002
528,0.44,0.062,2.64e-05,0.95,2.64
529,0.4,0.064,2.4e-05,0.975,2.645
530,0.42,0.064,2.52e-05,0.975,2.65
531,0.44,0.062,2.64e-05,0.95,2.6550000000000002
532,0.42,0.062,2.52e-05,0.95,2.66
533,0.44,0.062,2.64e-05,0.95,2.665
534,0.42,0.064,2.52e-05,0.975,2.67
535,0.46,0.06,2.7600000000000003e-05,0.9249999999999999,2.6750000000000003
536,0.46,0.062,2.7600000000000003e-05,0.95,2.68
537,0.42,0.064,2.52e-05,0.975,2.685
538,0.44,0.062,2.64e-05,0.95,2.69
539,0.46,0.064,2.7600000000000003e-05,0.975,2.695
540,0.46,0.062,2.7600000000000003e-05,0.95,2.7
541,0.44,0.064,2.64e-05,0.975,2.705
542,0.46,0.064,2.7600000000000003e-05,0.975,2.71
543,0.42,0.062,2.52e-05,0.95,2.715
544,0.44,0.062,2.64e-05,0.95,2.72
545,0.46,0.062,2.7600000000000003e-05,0.95,2.725
546,0.44,0.062,2.64e-05,0.95,2.73
547,0.46,0.062,2.7600000000000003e-05,0.95,2.735
548,0.44,0.062,2.64e-05,0.95,2.74
549,0.46,0.06,2.7600000000000003e-05,0.9249999999999999,2.745
550,0.44,0.062,2.64e-05,0.95,2.75
551,0.48,0.064,2.88e-05,0.975,2.755
552,0.46,0.062,2.7600000000000003e-05,0.95,2.7600000000000002
553,0.44,0.064,2.64e-05,0.975,2.765
554,0.42,0.062,2.52e-05,0.95,2.77
555,0.46,0.064,2.7600000000000003e-05,0.975,2.775
556,0.44,0.066,2.64e-05,1.0,2.7800000000000002
557,0.46,0.06,2.7600000000000003e-05,0.9249999999999999,2.785
558,0.44,0.06,2.64e-05,0.9249999999999999,2.79
559,0.48,0.058,2.88e-05,0.9000000000000001,2.795
560,0.46,0.06,2.7600000000000003e-05,0.9249999999999999,2.8000000000000003
561,0.44,0.056,2.64e-05,0.8750000000000001,2.805
562,0.44,0.06,2.64e-05,0.9249999999999999,2.81
563,0.48,0.054,2.88e-05,0.8500000000000001,2.815
564,0.48,0.048,2.88e-05,0.775,2.82
565,0.44,0.008,2.64e-05,0.27499999999999997,2.825
566,0.48,0.004,2.88e-05,0.22500000000000003,2.83
567,0.44,-0.014,2.64e-05,0.0,2.835
568,0.48,0.008,2.88e-05,0.27499999999999997,2.84
569,0.46,0.04,2.7600000000000003e-05,0.6749999999999999,2.845
570,0.48,0.038,2.88e-05,0.6499999999999999,2.85
571,0.44,0.05,2.64e-05,0.8,2.855
572,0.5,0.05,3e-05,0.8,2.86
573,0.46,0.056,2.7600000000000003e-05,0.8750000000000001,2.865
574,0.48,0.056,2.88e-05,0.8750000000000001,2.87
575,0.48,0.06,2.88e-05,0.9249999999999999,2.875
576,0.48,0.06,2.88e-05,0.9249999999999999,2.88
577,0.46,0.058,2.7600000000000003e-05,0.9000000000000001,2.8850000000000002
578,0.48,0.058,2.88e-05,0.9000000000000001,2.89
579,0.46,0.06,2.7600000000000003e-05,0.9249999999999999,2.895
580,0.48,0.06,2.88e-05,0.9249999999999999,2.9
581,0.48,0.058,2.88e-05,0.9000000000000001,2.9050000000000002
582,0.48,0.06,2.88e-05,0.9249999999999999,2.91
583,0.5,0.058,3e-05,0.9000000000000001,2.915
584,0.46,0.058,2.7600000000000003e-05,0.9000000000000001,2.92
585,0.5,0.062,3e-05,0.95,2.9250000000000003
586,0.5,0.058,3e-05,0.9000000000000001,2.93
587,0.48,0.06,2.88e-05,0.9249999999999999,2.935
588,0.5,0.06,3e-05,0.9249999999999999,2.94
589,0.46,0.062,2.7600000000000003e-05,0.95,2.945
590,0.48,0.064,2.88e-05,0.975,2.95
591,0.5,0.06,3e-05,0.9249999999999999,2.955
592,0.5,0.06,3e-05,0.9249999999999999,2.96
593,0.48,0.064,2.88e-05,0.975,2.965
594,0.5,0.058,3e-05,0.9000000000000001,2.97
595,0.48,0.064,2.88e-05,0.975,2.975
596,0.5,0.064,3e-05,0.975,2.98
597,0.46,0.058,2.7600000000000003e-05,0.9000000000000001,2.985
598,0.5,0.058,3e-05,0.9000000000000001,2.99
599,0.48,0.062,2.88e-05,0.95,2.995
600,0.5,0.064,3e-05,0.975,3.0
601,0.5,0.058,3e-05,0.9000000000000001,3.005
602,0.5,0.06,3e-05,0.9249999999999999,3.0100000000000002
603,0.5,0.058,3e-05,0.9000000000000001,3.015
604,0.5,0.06,3e-05,0.9249999999999999,3.02
605,0.54,0.058,3.24e-05,0.9000000000000001,3.025
606,0.5,0.06,3e-05,0.9249999999999999,3.0300000000000002
607,0.5,0.058,3e-05,0.9000000000000001,3.035
608,0.5,0.06,3e-05,0.9249999999999999,3.04
609,0.52,0.058,3.12e-05,0.9000000000000001,3.045
610,0.5,0.058,3e-05,0.9000000000000001,3.0500000000000003
611,0.52,0.062,3.12e-05,0.95,3.055
612,0.5,0.058,3e-05,0.9000000000000001,3.06
613,0.52,0.06,3.12e-05,0.9249999999999999,3.065
614,0.54,0.06,3.24e-05,0.9249999999999999,3.0700000000000003
615,0.5,0.058,3e-05,0.9000000000000001,3.075
616,0.5,0.062,3e-05,0.95,3.08
617,0.52,0.058,3.12e-05,0.9000000000000001,3.085
618,0.54,0.06,3.24e-05,0.9249999999999999,3.09
619,0.5,0.058,3e-05,0.9000000000000001,3.095
620,0.5,0.058,3e-05,0.9000000000000001,3.1
621,0.52,0.062,3.12e-05,0.95,3.105
622,0.5,0.058,3e-05,0.9000000000000001,3.11
623,0.52,0.06,3.12e-05,0.9249999999999999,3.115
624,0.54,0.06,3.24e-05,0.9249999999999999,3.12
625,0.5,0.058,3e-05,0.9000000000000001,3.125
626,0.52,0.06,3.12e-05,0.9249999999999999,3.13
627,0.52,0.058,3.12e-05,0.9000000000000001,3.1350000000000002
628,0.52,0.058,3.12e-05,0.9000000000000001,3.14
629,0.54,0.062,3.24e-05,0.95,3.145
630,0.52,0.062,3.12e-05,0.95,3.15
631,0.54,0.058,3.24e-05,0.9000000000000001,3.1550000000000002
632,0.52,0.06,3.12e-05,0.9249999999999999,3.16
633,0.54,0.062,3.24e-05,0.95,3.165
634,0.54,0.06,3.24e-05,0.9249999999999999,3.17
635,0.52,0.058,3.12e-05,0.9000000000000001,3.1750000000000003
636,0.52,0.06,3.12e-05,0.9249999999999999,3.18
637,0.56,0.06,3.3600000000000004e-05,0.9249999999999999,3.185
638,0.56,0.06,3.3600000000000004e-05,0.9249999999999999,3.19
639,0.52,0.058,3.12e-05,0.9000000000000001,3.1950000000000003
640,0.56,0.058,3.3600000000000004e-05,0.9000000000000001,3.2
641,0.52,0.06,3.12e-05,0.9249999999999999,3.205
642,0.52,0.058,3.12e-05,0.9000000000000001,3.21
643,0.54,0.06,3.24e-05,0.9249999999999999,3.215
644,0.52,0.06,3.12e-05,0.9249999999999999,3.22
645,0.56,0.058,3.3600000000000004e-05,0.9000000000000001,3.225
646,0.56,0.06,3.3600000000000004e-05,0.9249999999999999,3.23
647,0.52,0.058,3.12e-05,0.9000000000000001,3.235
648,0.54,0.058,3.24e-05,0.9000000000000001,3.24
649,0.52,0.06,3.12e-05,0.9249999999999999,3.245
650,0.52,0.06,3.12e-05,0.9249999999999999,3.25
651,0.54,0.058,3.24e-05,0.9000000000000001,3.255
652,0.52,0.058,3.12e-05,0.9000000000000001,3.2600000000000002
653,0.56,0.06,3.3600000000000004e-05,0.9249999999999999,3.265
654,0.54,0.06,3.24e-05,0.9249999999999999,3.27
655,0.56,0.06,3.3600000000000004e-05,0.9249999999999999,3.275
656,0.54,0.06,3.24e-05,0.9249999999999999,3.2800000000000002
657,0.56,0.058,3.3600000000000004e-05,0.9000000000000001,3.285
658,0.54,0.058,3.24e-05,0.9000000000000001,3.29
659,0.56,0.06,3.3600000000000004e-05,0.9249999999999999,3.295
660,0.56,0.06,3.3600000000000004e-05,0.9249999999999999,3.3000000000000003
661,0.54,0.058,3.24e-05,0.9000000000000001,3.305
662,0.58,0.06,3.48e-05,0.9249999999999999,3.31
663,0.54,0.058,3.24e-05,0.9000000000000001,3.315
664,0.54,0.058,3.24e-05,0.9000000000000001,3.3200000000000003
665,0.58,0.06,3.48e-05,0.9249999999999999,3.325
666,0.58,0.058,3.48e-05,0.9000000000000001,3.33
667,0.54,0.06,3.24e-05,0.9249999999999999,3.335
668,0.56,0.058,3.3600000000000004e-05,0.9000000000000001,3.34
669,0.58,0.06,3.48e-05,0.9249999999999999,3.345
670,0.54,0.06,3.24e-05,0.9249999999999999,3.35
671,0.58,0.058,3.48e-05,0.9000000000000001,3.355
672,0.58,0.06,3.48e-05,0.9249999999999999,3.36
673,0.54,0.058,3.24e-05,0.9000000000000001,3.365
674,0.58,0.058,3.48e-05,0.9000000000000001,3.37
675,0.54,0.06,3.24e-05,0.9249999999999999,3.375
676,0.54,0.06,3.24e-05,0.9249999999999999,3.38
677,0.58,0.06,3.48e-05,0.9249999999999999,3.3850000000000002
678,0.56,0.06,3.3600000000000004e-05,0.9249999999999999,3.39
679,0.58,0.058,3.48e-05,0.9000000000000001,3.395
680,0.56,0.06,3.3600000000000004e-05,0.9249999999999999,3.4
681,0.58,0.058,3.48e-05,0.9000000000000001,3.4050000000000002
682,0.56,0.06,3.3600000000000004e-05,0.9249999999999999,3.41
683,0.58,0.058,3.48e-05,0.9000000000000001,3.415
684,0.6,0.06,3.6e-05,0.9249999999999999,3.42
685,0.56,0.058,3.3600000000000004e-05,0.9000000000000001,3.4250000000000003
686,0.6,0.06,3.6e-05,0.9249999999999999,3.43
687,0.56,0.058,3.3600000000000004e-05,0.9000000000000001,3.435
688,0.56,0.058,3.3600000000000004e-05,0.9000000000000001,3.44
689,0.6,0.06,3.6e-05,0.9249999999999999,3.4450000000000003
690,0.56,0.06,3.3600000000000004e-05,0.9249999999999999,3.45
691,0.6,0.058,3.6e-05,0.9000000000000001,3.455
692,0.6,0.06,3.6e-05,0.9249999999999999,3.46
693,0.56,0.058,3.3600000000000004e-05,0.9000000000000001,3.465
694,0.6,0.06,3.6e-05,0.9249999999999999,3.47
695,0.56,0.058,3.3600000000000004e-05,0.9000000000000001,3.475
696,0.58,0.058,3.48e-05,0.9000000000000001,3.48
697,0.6,0.06,3.6e-05,0.9249999999999999,3.485
698,0.6,0.06,3.6e-05,0.9249999999999999,3.49
699,0.56,0.058,3.3600000000000004e-05,0.9000000000000001,3.495
700,0.58,0.058,3.48e-05,0.9000000000000001,3.5
701,0.6,0.06,3.6e-05,0.9249999999999999,3.505
702,0.6,0.06,3.6e-05,0.9249999999999999,3.5100000000000002
703,0.58,0.058,3.48e-05,0.9000000000000001,3.515
704,0.6,0.06,3.6e-05,0.9249999999999999,3.52
705,0.56,0.058,3.3600000000000004e-05,0.9000000000000001,3.525
706,0.58,0.058,3.48e-05,0.9000000000000001,3.5300000000000002
707,0.62,0.06,3.72e-05,0.9249999999999999,3.535
708,0.6,0.06,3.6e-05,0.9249999999999999,3.54
709,0.58,0.058,3.48e-05,0.9000000000000001,3.545
710,0.58,0.058,3.48e-05,0.9000000000000001,3.5500000000000003
711,0.6,0.06,3.6e-05,0.9249999999999999,3.555
712,0.58,0.06,3.48e-05,0.9249999999999999,3.56
713,0.6,0.058,3.6e-05,0.9000000000000001,3.565
714,0.62,0.06,3.72e-05,0.9249999999999999,3.5700000000000003
715,0.58,0.058,3.48e-05,0.9000000000000001,3.575
716,0.58,0.06,3.48e-05,0.9249999999999999,3.58
717,0.62,0.058,3.72e-05,0.9000000000000001,3.585
718,0.62,0.058,3.72e-05,0.9000000000000001,3.59
719,0.58,0.06,3.48e-05,0.9249999999999999,3.595
720,0.6,0.06,3.6e-05,0.9249999999999999,3.6
721,0.62,0.058,3.72e-05,0.9000000000000001,3.605
722,0.6,0.06,3.6e-05,0.9249999999999999,3.61
723,0.64,0.058,3.8400000000000005e-05,0.9000000000000001,3.615
724,0.62,0.058,3.72e-05,0.9000000000000001,3.62
725,0.58,0.06,3.48e-05,0.9249999999999999,3.625
726,0.64,0.06,3.8400000000000005e-05,0.9249999999999999,3.63
727,0.6,0.058,3.6e-05,0.9000000000000001,3.6350000000000002
728,0.58,0.06,3.48e-05,0.9249999999999999,3.64
729,0.64,0.06,3.8400000000000005e-05,0.9249999999999999,3.645
730,0.6,0.058,3.6e-05,0.9000000000000001,3.65
731,0.64,0.06,3.8400000000000005e-05,0.9249999999999999,3.6550000000000002
732,0.6,0.06,3.6e-05,0.9249999999999999,3.66
733,0.64,0.058,3.8400000000000005e-05,0.9000000000000001,3.665
734,0.62,0.058,3.72e-05,0.9000000000000001,3.67
735,0.62,0.06,3.72e-05,0.9249999999999999,3.6750000000000003
736,0.6,0.06,3.6e-05,0.9249999999999999,3.68
737,0.64,0.058,3.8400000000000005e-05,0.9000000000000001,3.685
738,0.6,0.06,3.6e-05,0.9249999999999999,3.69
739,0.64,0.058,3.8400000000000005e-05,0.9000000000000001,3.6950000000000003
740,0.64,0.06,3.8400000000000005e-05,0.9249999999999999,3.7
741,0.6,0.058,3.6e-05,0.9000000000000001,3.705
742,0.64,0.06,3.8400000000000005e-05,0.9249999999999999,3.71
743,0.6,0.058,3.6e-05,0.9000000000000001,3.715
744,0.64,0.058,3.8400000000000005e-05,0.9000000000000001,3.72
745,0.62,0.06,3.72e-05,0.9249999999999999,3.725
746,0.64,0.06,3.8400000000000005e-05,0.9249999999999999,3.73
747,0.64,0.058,3.8400000000000005e-05,0.9000000000000001,3.735
748,0.62,0.06,3.72e-05,0.9249999999999999,3.74
749,0.66,0.058,3.96e-05,0.9000000000000001,3.745
750,0.6,0.06,3.6e-05,0.9249999999999999,3.75
751,0.64,0.058,3.8400000000000005e-05,0.9000000000000001,3.755
752,0.64,0.058,3.8400000000000005e-05,0.9000000000000001,3.7600000000000002
753,0.62,0.06,3.72e-05,0.9249999999999999,3.765
754,0.62,0.06,3.72e-05,0.9249999999999999,3.77
755,0.66,0.058,3.96e-05,0.9000000000000001,3.775
756,0.64,0.06,3.8400000000000005e-05,0.9249999999999999,3.7800000000000002
757,0.62,0.06,3.72e-05,0.9249999999999999,3.785
758,0.62,0.06,3.72e-05,0.9249999999999999,3.79
759,0.66,0.058,3.96e-05,0.9000000000000001,3.795
760,0.64,0.058,3.8400000000000005e-05,0.9000000000000001,3.8000000000000003
761,0.66,0.06,3.96e-05,0.9249999999999999,3.805
762,0.64,0.06,3.8400000000000005e-05,0.9249999999999999,3.81
763,0.68,0.058,4.08e-05,0.9000000000000001,3.815
764,0.64,0.06,3.8400000000000005e-05,0.9249999999999999,3.8200000000000003
765,0.66,0.058,3.96e-05,0.9000000000000001,3.825
766,0.62,0.058,3.72e-05,0.9000000000000001,3.83
767,0.66,0.06,3.96e-05,0.9249999999999999,3.835
768,0.64,0.06,3.8400000000000005e-05,0.9249999999999999,3.84
769,0.68,0.058,4.08e-05,0.9000000000000001,3.845
770,0.64,0.06,3.8400000000000005e-05,0.9249999999999999,3.85
771,0.66,0.058,3.96e-05,0.9000000000000001,3.855
772,0.66,0.06,3.96e-05,0.9249999999999999,3.86
773,0.62,0.058,3.72e-05,0.9000000000000001,3.865
774,0.68,0.06,4.08e-05,0.9249999999999999,3.87
775,0.64,0.058,3.8400000000000005e-05,0.9000000000000001,3.875
776,0.7,0.06,4.2e-05,0.9249999999999999,3.88
777,0.64,0.058,3.8400000000000005e-05,0.9000000000000001,3.8850000000000002
778,0.66,0.058,3.96e-05,0.9000000000000001,3.89
779,0.66,0.06,3.96e-05,0.9249999999999999,3.895
780,0.66,0.06,3.96e-05,0.9249999999999999,3.9
781,0.62,0.058,3.72e-05,0.9000000000000001,3.9050000000000002
782,0.68,0.058,4.08e-05,0.9000000000000001,3.91
783,0.66,0.06,3.96e-05,0.9249999999999999,3.915
784,0.68,0.058,4.08e-05,0.9000000000000001,3.92
785,0.66,0.06,3.96e-05,0.9249999999999999,3.9250000000000003
786,0.66,0.06,3.96e-05,0.9249999999999999,3.93
787,0.7,0.058,4.2e-05,0.9000000000000001,3.935
788,0.66,0.06,3.96e-05,0.9249999999999999,3.94
789,0.68,0.058,4.08e-05,0.9000000000000001,3.9450000000000003
790,0.68,0.06,4.08e-05,0.9249999999999999,3.95
791,0.66,0.058,3.96e-05,0.9000000000000001,3.955
792,0.68,0.06,4.08e-05,0.9249999999999999,3.96
793,0.66,0.058,3.96e-05,0.9000000000000001,3.9650000000000003
794,0.66,0.06,3.96e-05,0.9249999999999999,3.97
795,0.7,0.058,4.2e-05,0.9000000000000001,3.975
796,0.66,0.06,3.96e-05,0.9249999999999999,3.98
797,0.7,0.06,4.2e-05,0.9249999999999999,3.985
798,0.7,0.058,4.2e-05,0.9000000000000001,3.99
799,0.66,0.06,3.96e-05,0.9249999999999999,3.995
800,0.66,0.06,3.96e-05,0.9249999999999999,4.0
801,0.7,0.058,4.2e-05,0.9000000000000001,4.005
802,0.66,0.058,3.96e-05,0.9000000000000001,4.01
803,0.7,0.06,4.2e-05,0.9249999999999999,4.015
804,0.7,0.06,4.2e-05,0.9249999999999999,4.0200000000000005
805,0.68,0.058,4.08e-05,0.9000000000000001,4.025
806,0.72,0.06,4.32e-05,0.9249999999999999,4.03
807,0.66,0.058,3.96e-05,0.9000000000000001,4.035
808,0.72,0.058,4.32e-05,0.9000000000000001,4.04
809,0.68,0.06,4.08e-05,0.9249999999999999,4.045
810,0.68,0.06,4.08e-05,0.9249999999999999,4.05
811,0.7,0.058,4.2e-05,0.9000000000000001,4.055
812,0.68,0.058,4.08e-05,0.9000000000000001,4.0600000000000005
813,0.7,0.06,4.2e-05,0.9249999999999999,4.065
814,0.68,0.06,4.08e-05,0.9249999999999999,4.07
815,0.72,0.058,4.32e-05,0.9000000000000001,4.075
816,0.68,0.058,4.08e-05,0.9000000000000001,4.08
817,0.7,0.06,4.2e-05,0.9249999999999999,4.085
818,0.68,0.06,4.08e-05,0.9249999999999999,4.09
819,0.7,0.058,4.2e-05,0.9000000000000001,4.095
820,0.68,0.058,4.08e-05,0.9000000000000001,4.1
821,0.72,0.06,4.32e-05,0.9249999999999999,4.105
822,0.68,0.06,4.08e-05,0.9249999999999999,4.11
823,0.72,0.058,4.32e-05,0.9000000000000001,4.115
824,0.68,0.06,4.08e-05,0.9249999999999999,4.12
825,0.72,0.058,4.32e-05,0.9000000000000001,4.125
826,0.7,0.06,4.2e-05,0.9249999999999999,4.13
827,0.72,0.058,4.32e-05,0.9000000000000001,4.135
828,0.7,0.06,4.2e-05,0.9249999999999999,4.14
829,0.72,0.058,4.32e-05,0.9000000000000001,4.1450000000000005
830,0.72,0.06,4.32e-05,0.9249999999999999,4.15
831,0.7,0.06,4.2e-05,0.9249999999999999,4.155
832,0.7,0.06,4.2e-05,0.9249999999999999,4.16
833,0.72,0.058,4.32e-05,0.9000000000000001,4.165
834,0.68,0.06,4.08e-05,0.9249999999999999,4.17
835,0.72,0.058,4.32e-05,0.9000000000000001,4.175
836,0.7,0.058,4.2e-05,0.9000000000000001,4.18
837,0.74,0.06,4.44e-05,0.9249999999999999,4.1850000000000005
838,0.7,0.06,4.2e-05,0.9249999999999999,4.19
839,0.74,0.058,4.44e-05,0.9000000000000001,4.195
840,0.7,0.06,4.2e-05,0.9249999999999999,4.2
841,0.74,0.058,4.44e-05,0.9000000000000001,4.205
842,0.74,0.06,4.44e-05,0.9249999999999999,4.21
843,0.7,0.058,4.2e-05,0.9000000000000001,4.215
844,0.7,0.06,4.2e-05,0.9249999999999999,4.22
845,0.74,0.058,4.44e-05,0.9000000000000001,4.225
846,0.7,0.06,4.2e-05,0.9249999999999999,4.23
847,0.74,0.058,4.44e-05,0.9000000000000001,4.235
848,0.74,0.058,4.44e-05,0.9000000000000001,4.24
849,0.7,0.06,4.2e-05,0.9249999999999999,4.245
850,0.74,0.06,4.44e-05,0.9249999999999999,4.25
851,0.7,0.058,4.2e-05,0.9000000000000001,4.255
852,0.74,0.058,4.44e-05,0.9000000000000001,4.26
853,0.7,0.06,4.2e-05,0.9249999999999999,4.265
854,0.7,0.058,4.2e-05,0.9000000000000001,4.2700000000000005
855,0.76,0.06,4.5600000000000004e-05,0.9249999999999999,4.275
856,0.72,0.06,4.32e-05,0.9249999999999999,4.28
857,0.74,0.058,4.44e-05,0.9000000000000001,4.285
858,0.74,0.058,4.44e-05,0.9000000000000001,4.29
859,0.72,0.06,4.32e-05,0.9249999999999999,4.295
860,0.72,0.06,4.32e-05,0.9249999999999999,4.3
861,0.76,0.058,4.5600000000000004e-05,0.9000000000000001,4.305
862,0.76,0.06,4.5600000000000004e-05,0.9249999999999999,4.3100000000000005
863,0.72,0.058,4.32e-05,0.9000000000000001,4.315
864,0.72,0.06,4.32e-05,0.9249999999999999,4.32
865,0.76,0.058,4.5600000000000004e-05,0.9000000000000001,4.325
866,0.76,0.058,4.5600000000000004e-05,0.9000000000000001,4.33
867,0.72,0.06,4.32e-05,0.9249999999999999,4.335
868,0.72,0.058,4.32e-05,0.9000000000000001,4.34
869,0.74,0.06,4.44e-05,0.9249999999999999,4.345
870,0.76,0.06,4.5600000000000004e-05,0.9249999999999999,4.3500000000000005
871,0.72,0.058,4.32e-05,0.9000000000000001,4.355
872,0.76,0.058,4.5600000000000004e-05,0.9000000000000001,4.36
873,0.72,0.06,4.32e-05,0.9249999999999999,4.365
874,0.72,0.058,4.32e-05,0.9000000000000001,4.37
875,0.76,0.06,4.5600000000000004e-05,0.9249999999999999,4.375
876,0.72,0.06,4.32e-05,0.9249999999999999,4.38
877,0.76,0.058,4.5600000000000004e-05,0.9000000000000001,4.385
878,0.76,0.06,4.5600000000000004e-05,0.9249999999999999,4.39
879,0.74,0.058,4.44e-05,0.9000000000000001,4.3950000000000005
880,0.72,0.058,4.32e-05,0.9000000000000001,4.4
881,0.78,0.06,4.6800000000000006e-05,0.9249999999999999,4.405
882,0.76,0.058,4.5600000000000004e-05,0.9000000000000001,4.41
883,0.74,0.06,4.44e-05,0.9249999999999999,4.415
884,0.74,0.058,4.44e-05,0.9000000000000001,4.42
885,0.78,0.06,4.6800000000000006e-05,0.9249999999999999,4.425
886,0.74,0.06,4.44e-05,0.9249999999999999,4.43
887,0.78,0.06,4.6800000000000006e-05,0.9249999999999999,4.4350000000000005
888,0.78,0.06,4.6800000000000006e-05,0.9249999999999999,4.44
889,0.74,0.058,4.44e-05,0.9000000000000001,4.445
890,0.76,0.058,4.5600000000000004e-05,0.9000000000000001,4.45
891,0.74,0.06,4.44e-05,0.9249999999999999,4.455
892,0.76,0.06,4.5600000000000004e-05,0.9249999999999999,4.46
893,0.74,0.06,4.44e-05,0.9249999999999999,4.465
894,0.74,0.06,4.44e-05,0.9249999999999999,4.47
895,0.78,0.058,4.6800000000000006e-05,0.9000000000000001,4.4750000000000005
896,0.74,0.06,4.44e-05,0.9249999999999999,4.48
897,0.78,0.058,4.6800000000000006e-05,0.9000000000000001,4.485
898,0.78,0.056,4.6800000000000006e-05,0.8750000000000001,4.49
899,0.74,0.06,4.44e-05,0.9249999999999999,4.495
900,0.8,0.06,4.8e-05,0.9249999999999999,4.5
901,0.74,0.058,4.44e-05,0.9000000000000001,4.505
902,0.76,0.06,4.5600000000000004e-05,0.9249999999999999,4.51
903,0.78,0.06,4.6800000000000006e-05,0.9249999999999999,4.515
904,0.74,0.058,4.44e-05,0.9000000000000001,4.5200000000000005
905,0.78,0.06,4.6800000000000006e-05,0.9249999999999999,4.525
906,0.78,0.06,4.6800000000000006e-05,0.9249999999999999,4.53
907,0.78,0.058,4.6800000000000006e-05,0.9000000000000001,4.535
908,0.78,0.06,4.6800000000000006e-05,0.9249999999999999,4.54
909,0.74,0.058,4.44e-05,0.9000000000000001,4.545
910,0.8,0.06,4.8e-05,0.9249999999999999,4.55
911,0.76,0.058,4.5600000000000004e-05,0.9000000000000001,4.555
912,0.8,0.06,4.8e-05,0.9249999999999999,4.5600000000000005
913,0.76,0.06,4.5600000000000004e-05,0.9249999999999999,4.565
914,0.76,0.06,4.5600000000000004e-05,0.9249999999999999,4.57
915,0.8,0.056,4.8e-05,0.8750000000000001,4.575
916,0.8,0.056,4.8e-05,0.8750000000000001,4.58
917,0.76,0.06,4.5600000000000004e-05,0.9249999999999999,4.585
918,0.8,0.056,4.8e-05,0.8750000000000001,4.59
919,0.78,0.06,4.6800000000000006e-05,0.9249999999999999,4.595
920,0.76,0.06,4.5600000000000004e-05,0.9249999999999999,4.6000000000000005
921,0.8,0.056,4.8e-05,0.8750000000000001,4.605
922,0.76,0.056,4.5600000000000004e-05,0.8750000000000001,4.61
923,0.8,0.06,4.8e-05,0.9249999999999999,4.615
924,0.8,0.06,4.8e-05,0.9249999999999999,4.62
925,0.78,0.056,4.6800000000000006e-05,0.8750000000000001,4.625
926,0.78,0.06,4.6800000000000006e-05,0.9249999999999999,4.63
927,0.8,0.056,4.8e-05,0.8750000000000001,4.635
928,0.8,0.056,4.8e-05,0.8750000000000001,4.64
929,0.8,0.06,4.8e-05,0.9249999999999999,4.6450000000000005
930,0.8,0.06,4.8e-05,0.9249999999999999,4.65
931,0.84,0.056,5.04e-05,0.8750000000000001,4.655
932,0.82,0.06,4.9199999999999997e-05,0.9249999999999999,4.66
933,0.78,0.058,4.6800000000000006e-05,0.9000000000000001,4.665
934,0.8,0.06,4.8e-05,0.9249999999999999,4.67
935,0.8,0.056,4.8e-05,0.8750000000000001,4.675
936,0.82,0.056,4.9199999999999997e-05,0.8750000000000001,4.68
937,0.8,0.06,4.8e-05,0.9249999999999999,4.6850000000000005
938,0.8,0.06,4.8e-05,0.9249999999999999,4.69
939,0.8,0.056,4.8e-05,0.8750000000000001,4.695
940,0.82,0.06,4.9199999999999997e-05,0.9249999999999999,4.7
941,0.8,0.056,4.8e-05,0.8750000000000001,4.705
942,0.82,0.06,4.9199999999999997e-05,0.9249999999999999,4.71
943,0.8,0.056,4.8e-05,0.8750000000000001,4.715
944,0.8,0.06,4.8e-05,0.9249999999999999,4.72
945,0.84,0.056,5.04e-05,0.8750000000000001,4.7250000000000005
946,0.8,0.06,4.8e-05,0.9249999999999999,4.73
947,0.84,0.056,5.04e-05,0.8750000000000001,4.735
948,0.82,0.06,4.9199999999999997e-05,0.9249999999999999,4.74
949,0.84,0.056,5.04e-05,0.8750000000000001,4.745
950,0.84,0.06,5.04e-05,0.9249999999999999,4.75
951,0.8,0.056,4.8e-05,0.8750000000000001,4.755
952,0.82,0.06,4.9199999999999997e-05,0.9249999999999999,4.76
953,0.8,0.056,4.8e-05,0.8750000000000001,4.765
954,0.82,0.058,4.9199999999999997e-05,0.9000000000000001,4.7700000000000005
955,0.84,0.056,5.04e-05,0.8750000000000001,4.775
956,0.82,0.056,4.9199999999999997e-05,0.8750000000000001,4.78
957,0.82,0.058,4.9199999999999997e-05,0.9000000000000001,4.785
958,0.82,0.056,4.9199999999999997e-05,0.8750000000000001,4.79
959,0.84,0.06,5.04e-05,0.9249999999999999,4.795
960,0.82,0.06,4.9199999999999997e-05,0.9249999999999999,4.8
961,0.84,0.056,5.04e-05,0.8750000000000001,4.805
962,0.8,0.058,4.8e-05,0.9000000000000001,4.8100000000000005
963,0.84,0.056,5.04e-05,0.8750000000000001,4.815
964,0.82,0.056,4.9199999999999997e-05,0.8750000000000001,4.82
965,0.84,0.06,5.04e-05,0.9249999999999999,4.825
966,0.86,0.056,5.16e-05,0.8750000000000001,4.83
967,0.82,0.06,4.9199999999999997e-05,0.9249999999999999,4.835
968,0.86,0.06,5.16e-05,0.9249999999999999,4.84
969,0.82,0.056,4.9199999999999997e-05,0.8750000000000001,4.845
970,0.82,0.056,4.9199999999999997e-05,0.8750000000000001,4.8500000000000005
971,0.84,0.058,5.04e-05,0.9000000000000001,4.855
972,0.82,0.06,4.9199999999999997e-05,0.9249999999999999,4.86
973,0.86,0.056,5.16e-05,0.8750000000000001,4.865
974,0.82,0.056,4.9199999999999997e-05,0.8750000000000001,4.87
975,0.86,0.06,5.16e-05,0.9249999999999999,4.875
976,0.82,0.056,4.9199999999999997e-05,0.8750000000000001,4.88
977,0.86,0.06,5.16e-05,0.9249999999999999,4.885
978,0.82,0.056,4.9199999999999997e-05,0.8750000000000001,4.89
979,0.86,0.058,5.16e-05,0.9000000000000001,4.8950000000000005
980,0.84,0.06,5.04e-05,0.9249999999999999,4.9
981,0.88,0.056,5.28e-05,0.8750000000000001,4.905
982,0.82,0.056,4.9199999999999997e-05,0.8750000000000001,4.91
983,0.88,0.06,5.28e-05,0.9249999999999999,4.915
984,0.88,0.056,5.28e-05,0.8750000000000001,4.92
985,0.84,0.058,5.04e-05,0.9000000000000001,4.925
986,0.84,0.056,5.04e-05,0.8750000000000001,4.93
987,0.88,0.058,5.28e-05,0.9000000000000001,4.9350000000000005
988,0.84,0.056,5.04e-05,0.8750000000000001,4.94
989,0.88,0.058,5.28e-05,0.9000000000000001,4.945
990,0.84,0.056,5.04e-05,0.8750000000000001,4.95
991,0.88,0.058,5.28e-05,0.9000000000000001,4.955
992,0.84,0.056,5.04e-05,0.8750000000000001,4.96
993,0.88,0.058,5.28e-05,0.9000000000000001,4.965
994,0.86,0.058,5.16e-05,0.9000000000000001,4.97
995,0.84,0.056,5.04e-05,0.8750000000000001,4.9750000000000005
996,0.84,0.058,5.04e-05,0.9000000000000001,4.98
997,0.88,0.056,5.28e-05,0.8750000000000001,4.985
998,0.84,0.058,5.04e-05,0.9000000000000001,4.99
999,0.9,0.056,5.4000000000000005e-05,0.8750000000000001,4.995
1000,0.88,0.056,5.28e-05,0.8750000000000001,5.0
1001,0.84,0.058,5.04e-05,0.9000000000000001,5.005
1002,0.88,0.056,5.28e-05,0.8750000000000001,5.01
1003,0.84,0.058,5.04e-05,0.9000000000000001,5.015
1004,0.84,0.058,5.04e-05,0.9000000000000001,5.0200000000000005
1005,0.88,0.056,5.28e-05,0.8750000000000001,5.025
1006,0.86,0.056,5.16e-05,0.8750000000000001,5.03
1007,0.88,0.056,5.28e-05,0.8750000000000001,5.035
1008,0.86,0.056,5.16e-05,0.8750000000000001,5.04
1009,0.9,0.058,5.4000000000000005e-05,0.9000000000000001,5.045
1010,0.88,0.056,5.28e-05,0.8750000000000001,5.05
1011,0.86,0.058,5.16e-05,0.9000000000000001,5.055
1012,0.86,0.056,5.16e-05,0.8750000000000001,5.0600000000000005
1013,0.9,0.058,5.4000000000000005e-05,0.9000000000000001,5.065
1014,0.86,0.056,5.16e-05,0.8750000000000001,5.07
1015,0.9,0.058,5.4000000000000005e-05,0.9000000000000001,5.075
1016,0.86,0.056,5.16e-05,0.8750000000000001,5.08
1017,0.9,0.058,5.4000000000000005e-05,0.9000000000000001,5.085
1018,0.9,0.056,5.4000000000000005e-05,0.8750000000000001,5.09
1019,0.86,0.058,5.16e-05,0.9000000000000001,5.095
1020,0.86,0.056,5.16e-05,0.8750000000000001,5.1000000000000005
1021,0.9,0.058,5.4000000000000005e-05,0.9000000000000001,5.105
1022,0.86,0.056,5.16e-05,0.8750000000000001,5.11
1023,0.9,0.058,5.4000000000000005e-05,0.9000000000000001,5.115
1024,0.86,0.058,5.16e-05,0.9000000000000001,5.12
1025,0.9,0.056,5.4000000000000005e-05,0.8750000000000001,5.125
1026,0.88,0.056,5.28e-05,0.8750000000000001,5.13
1027,0.92,0.058,5.520000000000001e-05,0.9000000000000001,5.135
1028,0.88,0.056,5.28e-05,0.8750000000000001,5.14
1029,0.92,0.058,5.520000000000001e-05,0.9000000000000001,5.1450000000000005
1030,0.9,0.056,5.4000000000000005e-05,0.8750000000000001,5.15
1031,0.86,0.058,5.16e-05,0.9000000000000001,5.155
1032,0.9,0.056,5.4000000000000005e-05,0.8750000000000001,5.16
1033,0.86,0.056,5.16e-05,0.8750000000000001,5.165
1034,0.86,0.056,5.16e-05,0.8750000000000001,5.17
1035,0.92,0.058,5.520000000000001e-05,0.9000000000000001,5.175
1036,0.92,0.058,5.520000000000001e-05,0.9000000000000001,5.18
1037,0.88,0.056,5.28e-05,0.8750000000000001,5.1850000000000005
1038,0.88,0.056,5.28e-05,0.8750000000000001,5.19
1039,0.92,0.058,5.520000000000001e-05,0.9000000000000001,5.195
1040,0.92,0.056,5.520000000000001e-05,0.8750000000000001,5.2
1041,0.88,0.058,5.28e-05,0.9000000000000001,5.205
1042,0.92,0.056,5.520000000000001e-05,0.8750000000000001,5.21
1043,0.88,0.058,5.28e-05,0.9000000000000001,5.215
1044,0.92,0.056,5.520000000000001e-05,0.8750000000000001,5.22
1045,0.88,0.056,5.28e-05,0.8750000000000001,5.2250000000000005
1046,0.9,0.056,5.4000000000000005e-05,0.8750000000000001,5.23
1047,0.92,0.058,5.520000000000001e-05,0.9000000000000001,5.235
1048,0.9,0.056,5.4000000000000005e-05,0.8750000000000001,5.24
1049,0.92,0.058,5.520000000000001e-05,0.9000000000000001,5.245
1050,0.9,0.058,5.4000000000000005e-05,0.9000000000000001,5.25
1051,0.92,0.056,5.520000000000001e-05,0.8750000000000001,5.255
1052,0.94,0.058,5.6399999999999995e-05,0.9000000000000001,5.26
1053,0.88,0.056,5.28e-05,0.8750000000000001,5.265
1054,0.9,0.056,5.4000000000000005e-05,0.8750000000000001,5.2700000000000005
1055,0.92,0.058,5.520000000000001e-05,0.9000000000000001,5.275
1056,0.92,0.056,5.520000000000001e-05,0.8750000000000001,5.28
1057,0.88,0.058,5.28e-05,0.9000000000000001,5.285
1058,0.9,0.056,5.4000000000000005e-05,0.8750000000000001,5.29
1059,0.92,0.056,5.520000000000001e-05,0.8750000000000001,5.295
1060,0.94,0.056,5.6399999999999995e-05,0.8750000000000001,5.3
1061,0.9,0.056,5.4000000000000005e-05,0.8750000000000001,5.305
1062,0.92,0.056,5.520000000000001e-05,0.8750000000000001,5.3100000000000005
1063,0.94,0.058,5.6399999999999995e-05,0.9000000000000001,5.315
1064,0.92,0.056,5.520000000000001e-05,0.8750000000000001,5.32
1065,0.9,0.058,5.4000000000000005e-05,0.9000000000000001,5.325
1066,0.9,0.056,5.4000000000000005e-05,0.8750000000000001,5.33
1067,0.94,0.058,5.6399999999999995e-05,0.9000000000000001,5.335
1068,0.94,0.056,5.6399999999999995e-05,0.8750000000000001,5.34
1069,0.9,0.058,5.4000000000000005e-05,0.9000000000000001,5.345
1070,0.94,0.058,5.6399999999999995e-05,0.9000000000000001,5.3500000000000005
1071,0.92,0.056,5.520000000000001e-05,0.8750000000000001,5.355
1072,0.94,0.056,5.6399999999999995e-05,0.8750000000000001,5.36
1073,0.9,0.056,5.4000000000000005e-05,0.8750000000000001,5.365
1074,0.92,0.058,5.520000000000001e-05,0.9000000000000001,5.37
1075,0.94,0.056,5.6399999999999995e-05,0.8750000000000001,5.375
1076,0.9,0.058,5.4000000000000005e-05,0.9000000000000001,5.38
1077,0.94,0.056,5.6399999999999995e-05,0.8750000000000001,5.385
1078,0.92,0.056,5.520000000000001e-05,0.8750000000000001,5.39
1079,0.96,0.058,5.76e-05,0.9000000000000001,5.3950000000000005
1080,0.92,0.056,5.520000000000001e-05,0.8750000000000001,5.4
1081,0.94,0.058,5.6399999999999995e-05,0.9000000000000001,5.405
1082,0.94,0.056,5.6399999999999995e-05,0.8750000000000001,5.41
1083,0.92,0.058,5.520000000000001e-05,0.9000000000000001,5.415
1084,0.96,0.056,5.76e-05,0.8750000000000001,5.42
1085,0.92,0.058,5.520000000000001e-05,0.9000000000000001,5.425
1086,0.94,0.056,5.6399999999999995e-05,0.8750000000000001,5.43
1087,0.96,0.056,5.76e-05,0.8750000000000001,5.4350000000000005
1088,0.96,0.056,5.76e-05,0.8750000000000001,5.44
1089,0.92,0.056,5.520000000000001e-05,0.8750000000000001,5.445
1090,0.94,0.056,5.6399999999999995e-05,0.8750000000000001,5.45
1091,0.96,0.058,5.76e-05,0.9000000000000001,5.455
1092,0.96,0.058,5.76e-05,0.9000000000000001,5.46
1093,0.92,0.056,5.520000000000001e-05,0.8750000000000001,5.465
1094,0.96,0.056,5.76e-05,0.8750000000000001,5.47
1095,0.92,0.058,5.520000000000001e-05,0.9000000000000001,5.4750000000000005
1096,0.96,0.056,5.76e-05,0.8750000000000001,5.48
1097,0.92,0.058,5.520000000000001e-05,0.9000000000000001,5.485
1098,0.96,0.058,5.76e-05,0.9000000000000001,5.49
1099,0.96,0.056,5.76e-05,0.8750000000000001,5.495
1100,0.94,0.056,5.6399999999999995e-05,0.8750000000000001,5.5
1101,0.96,0.058,5.76e-05,0.9000000000000001,5.505
1102,0.94,0.056,5.6399999999999995e-05,0.8750000000000001,5.51
1103,0.98,0.058,5.88e-05,0.9000000000000001,5.515
1104,0.98,0.056,5.88e-05,0.8750000000000001,5.5200000000000005
1105,0.96,0.058,5.76e-05,0.9000000000000001,5.525
1106,0.94,0.056,5.6399999999999995e-05,0.8750000000000001,5.53
1107,1.0,0.058,6e-05,0.9000000000000001,5.535
1108,0.94,0.058,5.6399999999999995e-05,0.9000000000000001,5.54
1109,0.98,0.056,5.88e-05,0.8750000000000001,5.545
1110,1.0,0.056,6e-05,0.8750000000000001,5.55
1111,0.96,0.058,5.76e-05,0.9000000000000001,5.555
1112,0.96,0.056,5.76e-05,0.8750000000000001,5.5600000000000005
1113,0.98,0.058,5.88e-05,0.9000000000000001,5.565
1114,0.96,0.058,5.76e-05,0.9000000000000001,5.57
1115,0.98,0.056,5.88e-05,0.8750000000000001,5.575
1116,0.96,0.058,5.76e-05,0.9000000000000001,5.58
1117,1.0,0.056,6e-05,0.8750000000000001,5.585
1118,1.0,0.056,6e-05,0.8750000000000001,5.59
1119,0.96,0.058,5.76e-05,0.9000000000000001,5.595
1120,0.98,0.056,5.88e-05,0.8750000000000001,5.6000000000000005
1121,0.96,0.058,5.76e-05,0.9000000000000001,5.605
1122,0.96,0.058,5.76e-05,0.9000000000000001,5.61
1123,1.0,0.056,6e-05,0.8750000000000001,5.615
1124,0.96,0.056,5.76e-05,0.8750000000000001,5.62
1125,1.0,0.058,6e-05,0.9000000000000001,5.625
1126,0.98,0.056,5.88e-05,0.8750000000000001,5.63
1127,-0.04,0.066,-2.4000000000000003e-06,1.0,5.635
1128,-0.02,0.062,-1.2000000000000002e-06,0.95,5.64
1129,0.0,0.066,0.0,1.0,5.6450000000000005
1130,0.0,0.064,0.0,0.975,5.65
1131,-0.04,0.066,-2.4000000000000003e-06,1.0,5.655
1132,-0.02,0.066,-1.2000000000000002e-06,1.0,5.66
1133,0.02,0.064,1.2000000000000002e-06,0.975,5.665
1134,-0.02,0.066,-1.2000000000000002e-06,1.0,5.67
1135,0.02,0.064,1.2000000000000002e-06,0.975,5.675
1136,-0.02,0.064,-1.2000000000000002e-06,0.975,5.68
1137,0.02,0.066,1.2000000000000002e-06,1.0,5.6850000000000005
1138,-0.02,0.064,-1.2000000000000002e-06,0.975,5.69
1139,0.02,0.066,1.2000000000000002e-06,1.0,5.695
1140,0.02,0.066,1.2000000000000002e-06,1.0,5.7
1141,-0.02,0.064,-1.2000000000000002e-06,0.975,5.705
1142,0.02,0.064,1.2000000000000002e-06,0.975,5.71
1143,-0.02,0.066,-1.2000000000000002e-06,1.0,5.715
1144,0.02,0.066,1.2000000000000002e-06,1.0,5.72
1145,-0.02,0.064,-1.2000000000000002e-06,0.975,5.7250000000000005
1146,0.02,0.066,1.2000000000000002e-06,1.0,5.73
1147,-0.02,0.064,-1.2000000000000002e-06,0.975,5.735
1148,0.0,0.064,0.0,0.975,5.74
1149,0.02,0.066,1.2000000000000002e-06,1.0,5.745
1150,0.02,0.064,1.2000000000000002e-06,0.975,5.75
1151,-0.02,0.066,-1.2000000000000002e-06,1.0,5.755
1152,0.02,0.066,1.2000000000000002e-06,1.0,5.76
1153,0.0,0.064,0.0,0.975,5.765
1154,0.0,0.066,0.0,1.0,5.7700000000000005
1155,0.02,0.064,1.2000000000000002e-06,0.975,5.775
1156,0.0,0.066,0.0,1.0,5.78
1157,0.04,0.064,2.4000000000000003e-06,0.975,5.785
1158,0.04,0.064,2.4000000000000003e-06,0.975,5.79
1159,0.0,0.066,0.0,1.0,5.795
1160,0.0,0.064,0.0,0.975,5.8
1161,0.04,0.066,2.4000000000000003e-06,1.0,5.805
1162,0.0,0.064,0.0,0.975,5.8100000000000005
1163,0.02,0.066,1.2000000000000002e-06,1.0,5.815
1164,0.0,0.064,0.0,0.975,5.82
1165,0.04,0.066,2.4000000000000003e-06,1.0,5.825
1166,0.04,0.066,2.4000000000000003e-06,1.0,5.83
1167,0.0,0.064,0.0,0.975,5.835
1168,0.04,0.064,2.4000000000000003e-06,0.975,5.84
1169,0.0,0.066,0.0,1.0,5.845
1170,0.02,0.064,1.2000000000000002e-06,0.975,5.8500000000000005
1171,0.04,0.066,2.4000000000000003e-06,1.0,5.855
1172,0.04,0.066,2.4000000000000003e-06,1.0,5.86
1173,0.02,0.066,1.2000000000000002e-06,1.0,5.865
1174,0.06,0.066,3.6e-06,1.0,5.87
1175,0.0,0.064,0.0,0.975,5.875
1176,0.02,0.066,1.2000000000000002e-06,1.0,5.88
1177,0.04,0.064,2.4000000000000003e-06,0.975,5.885
1178,0.04,0.066,2.4000000000000003e-06,1.0,5.89
1179,0.02,0.064,1.2000000000000002e-06,0.975,5.8950000000000005
1180,0.04,0.064,2.4000000000000003e-06,0.975,5.9
1181,0.02,0.066,1.2000000000000002e-06,1.0,5.905
1182,0.04,0.066,2.4000000000000003e-06,1.0,5.91
1183,0.04,0.064,2.4000000000000003e-06,0.975,5.915
1184,0.04,0.066,2.4000000000000003e-06,1.0,5.92
1185,0.06,0.064,3.6e-06,0.975,5.925
1186,0.06,0.064,3.6e-06,0.975,5.93
1187,0.02,0.066,1.2000000000000002e-06,1.0,5.9350000000000005
1188,0.06,0.066,3.6e-06,1.0,5.94
1189,0.04,0.064,2.4000000000000003e-06,0.975,5.945
1190,0.02,0.066,1.2000000000000002e-06,1.0,5.95
1191,0.06,0.064,3.6e-06,0.975,5.955
1192,0.02,0.064,1.2000000000000002e-06,0.975,5.96
1193,0.06,0.066,3.6e-06,1.0,5.965
1194,0.06,0.066,3.6e-06,1.0,5.97
1195,0.04,0.062,2.4000000000000003e-06,0.95,5.9750000000000005
1196,0.06,0.066,3.6e-06,1.0,5.98
1197,0.04,0.064,2.4000000000000003e-06,0.975,5.985
1198,0.06,0.064,3.6e-06,0.975,5.99
1199,0.04,0.066,2.4000000000000003e-06,1.0,5.995
